{
    "accuracy": 0.9524506217995611,
    "precision": 0.8930817610062893,
    "recall": 0.7473684210526316
}
